photo_id,title,description,tags,latitude,longitude,date_taken,owner_name,comments,polarity,sentiment_label
55165973456,image00022,,london england unitedkingdom,51.570369,-0.170167,2026-03-21 11:40:10,PawlaUK,,0.0,neutral
55161885561,Strolling in Highgate Cemetery East,,highgatecemeteryeast highgatecemetery highgatecemeterytrust friendsofhighgatecemetery cemeteryclub acemeterytourist awalkinginthecemetery cemeteryfriends londoncemeteries londonsmagnificent7victoriancemeteries londonsmagnificentsevenvictoriancemeteries citiesofthedead headstonehunting londonsnecropolis amongthegraves graveyard londontaphophile ataphophilestour bringoutyourdead londoncemeteryparks notwalkingwithmynikon,51.567611,-0.148864,2026-03-22 11:35:24,IanAWood,,0.0,neutral
55149351688,Highgate Cemetery -  Photocredit Neil King-44,Highgate Cemetery - Egyptian Avenue &amp; Circle Of Lebanon,2026 canon highgate highgatecemetry london march photocreditneilking spring west,51.56848,-0.149506,2026-03-10 14:58:55,Neilfatea,,0.0,neutral
55126122535,,,,51.571319,-0.168078,2025-10-25 18:17:06,Neil Rickards,,0.0,neutral
55124649950,Arsenal 2 Chelsea 1 01/03/2026,,,51.54853,-0.117931,2026-03-01 14:50:48,John Terrys Barmy Army,,0.0,neutral
55123444848,"Nisa Local, Camden Town, NW1","This used to be a pub, but is now a supermarket. (Older photo of it <a href=""https://www.flickr.com/photos/55935853@N00/7873234416/"">from 2012</a> and <a href=""https://www.flickr.com/photos/55935853@N00/6946718177/"">as The Murray from 2009</a>, when open.)

<b>Address:</b> 25 Agar Grove (formerly St Pauls Road).
<b>Former Name(s):</b> The Murray; The Murray Arms.
<b>Owner:</b> Wellington (former); Watney Combe Reid (former); Charrington (former).
<b>Links:</b>
<a href=""http://www.pubology.co.uk/pubs/3615.html"" rel=""noreferrer nofollow"">London Pubology</a> (The Murray)",stpaulsroad agargrove murraystreet london england nw1 camdentown camden londonboroughofcamden shops supermarkets nisalocal nisa watneyspub watneycombereidpub charringtonpub wellingtonpub agartown,51.543135,-0.131835,2026-01-24 15:13:11,Ewan-M,,0.0,neutral
55122398416,IMG_3690,,,51.539119,-0.136289,2026-02-19 12:29:51,jez.hull,,0.0,neutral
55121456693,Ironstone,"Footbridge across the Ironstone water, West Hill, Hampstead, London, 28 February 2026.",london hampstead hillgarden pergola ironstone bridge footbridge tree,51.568927,-0.185278,2026-02-28 13:50:42,neuphin,,0.0,neutral
55086264606,Subterranean Booking Office,For passengers transferring from the C&amp;SLR (City &amp; South  London Railway) platforms to the CCE&amp;HR (Charing Cross &amp; Hampstead Railway) platforms.,hiddenlondon eustonlosttunnels tour underground station london euston tunnels hiddenlondontours,51.528183,-0.133509,2026-02-08 17:07:10,amandabhslater,,0.0,neutral
55075495956,,,,51.534083,-0.204803,2026-01-01 10:58:01,The West End,,0.0,neutral
55073329680,1960's Posters in Disused Tunnels Euston,"Disused walkways under Euston Station closed off in the 1960's, seen here on 31st January 2026.",,51.528549,-0.133442,2026-01-31 15:09:07,leylandbus,,0.0,neutral
55067584838,IMG_20260129_115707,,,51.56943,-0.164695,2026-01-29 11:57:07,Ian Razey.,,0.0,neutral
55055347769,2025-112627,"London, England-King's Cross railway station (Harry Potter-themed Christmas tree)",2025 london england europetrip43 uk unitedkingdom greatbritain kingscross trainstation harrypotter themed christmastree,51.53124,-0.123574,2025-11-26 17:43:48,bubbahop,,0.0,neutral
55047566269,"Arriva London North HV109, LJ13FCG.",,lf13fcg hv109 holloway road highbury tollington arriva london north regional transport buses for tfl wright eclipse gemini volvo b5lh diesel electric hybrid eybusman,51.556019,-0.116995,2025-08-16 12:33:47,EYBusman,,0.0,neutral
55045291132,"Neglect, 17/365 2026",,sonydscrx100m5a architecture 365the2026edition 3652026 day17365 17jan26 london uk england,51.536986,-0.130752,2026-01-17 14:16:02,Simply Lewis,Does give a general look of despair. | Fab image,0.05000000000000002,neutral
55045596371,Eabhal (2025) [2nd] 08 - Nicky Kirk,"4th October 2025 at the Green Note, London NW1.

Folk and Roots, <a href=""http://folkandroots.co.uk/"" rel=""noreferrer nofollow"">folkandroots.co.uk/</a>.

Country: Britain. Style: Traditional Scottish Folk.

Lineup: Kaitlin Ross (v). Ewan Duncan (highland bagpipes/flute/whistle). Robbie Greig (fiddle), Megan MacDonald (piano accordion), Nicky Kirk (g),

This was the fourth time I have taken photos of Eabhal. The others were in 2016 (<a href=""https://www.flickr.com/photos/kmlivemusic/24388540413/"">www.flickr.com/photos/kmlivemusic/24388540413/</a>),  2019 (<a href=""https://www.flickr.com/photos/kmlivemusic/albums/72157711489561642/"">www.flickr.com/photos/kmlivemusic/albums/72157711489561642/</a>) and earlier in 2025 (<a href=""https://www.flickr.com/photos/kmlivemusic/albums/72177720326028634/"">www.flickr.com/photos/kmlivemusic/albums/72177720326028634/</a>). I have also photographed Greig, MacDonald and Ross with other groups (to view click on the musician's name in my Tags).
In this photo: Kirk plays an Atkin Guitar.
More information: <a href=""https://www.eabhal.com/"" rel=""noreferrer nofollow"">www.eabhal.com/</a>, <a href=""https://www.facebook.com/eabhalmusic"" rel=""noreferrer nofollow"">www.facebook.com/eabhalmusic</a>.
",folkmusic scottishfolk greatbritain eabhal nickykirk guitar folkandroots greennote,51.537356,-0.145933,2025-10-04 14:37:55,KM's Live Music shots,,0.0,neutral
55039933799,Garden within a gas holder.,London Kings Cross.,kingscross london night gasholder,51.537015,-0.127417,2025-01-07 17:56:15,daveknight1946,,0.0,neutral
55032914447,"Shop window, Islington","<a href=""https://en.wikipedia.org/wiki/Islington"" rel=""noreferrer nofollow"">en.wikipedia.org/wiki/Islington</a>",islington london uk unitedkingdom england イングランド 英格兰 greatbritain grandebretagne grossbritannien 大不列顛島 グレートブリテン島 英國 イギリス ロンドン 伦敦 shopwindow,51.529266,-0.110095,2026-01-10 16:09:49,John Steedman,,0.0,neutral
55021117682,Camden Market's most searched for destination,"Sadly, moved to another location",uk 2025 london camden,51.542008,-0.147423,2025-09-04 00:00:00,real00,,0.0,neutral
55012850568,20251227_190046,,,51.541647,-0.146212,2025-12-27 19:00:47,mc5278,,0.0,neutral
55012650346,319 429 at Euston,London Northwestern Railway,,51.528522,-0.135134,2021-08-10 16:12:55,thetransporthuboffical,,0.0,neutral
55000709880,UK - London - Lewis Cubitt Square - Santacon 2025_DSC0634,"<a href=""http://www.dgphotos.co.uk"" rel=""noreferrer nofollow"">My Website</a> : <a href=""https://www.twitter.com/dgphotos"" rel=""noreferrer nofollow"">Twitter</a> : <a href=""https://www.facebook.com/dsgphotos"" rel=""noreferrer nofollow"">Facebook</a> : <a href=""https://instagram.com/dgphotos.co.uk/"" rel=""noreferrer nofollow"">Instagram</a>  : <a href=""https://www.photocrowd.com/dgphotos/"" rel=""noreferrer nofollow"">Photocrowd</a>

Well, that's a wrap on Christmas 2025......

I was in London a few weeks ago and I happened upon several hundred slightly drunk but good natured Santa's (and Christmas trees) wandering around the Kings Cross area.  Turns out it's an annual event called Santacon and anyone can join in. Maybe see you there next year.....

Click here for more Christmas related photos : <a href=""https://www.flickr.com/photos/darrellg/albums/72157639060428214"">www.flickr.com/photos/darrellg/albums/72157639060428214</a>

From their <a href=""https://www.santacon.supermingo.com/"" rel=""noreferrer nofollow"">www.santacon.supermingo.com/</a> website, &quot;
Santacon is a non-profit, non-political, non-religious and non-sensical Christmas parade that traditionally takes place in London one Saturday every December. There's no particular reason to dress up in Santa suits, run around, give gifts, sing songs, have strangers sit on our laps and decide who is naughty or nice. But it's a lot of fun so Santa does it anyway!

What you need : A Santa Outfit (not just a hat!), Watch the Facebook page in order to find out when and where, Something Warm (and possibly waterproof), Carol Sheets (download here), Presents for the kids.&quot;

© D.Godliman",uklondonlewiscubittsquaresantacon2025dsc0634 santacon christmas xmas lewiscubittsquare lewiscubittpark kingscross london unitedkingdom greatbritain britain england gb uk santaclaus santa santas saxophone music saxophonist musician sax streetphotography streetphotographer fun,51.537714,-0.125785,2025-12-06 13:57:44,Darrell Godliman,"Another shot:
<a href=""https://www.flickr.com/photos/darrellg/54999519582/in/photostream/"" title=""UK - London - Lewis Cubitt Square - Santacon 2025_DSC0629""><img src=""https://live.staticflickr.com/65535/54999519582_df2a8fa7bc_n.jpg"" width=""213"" height=""320"" alt=""UK - London - Lewis Cubitt Square - Santacon 2025_DSC0629"" /></a> | Some very skilled Santas around, all that racing around delivering pressies, and playing the sax! | [https://www.flickr.com/photos/138552795@N06] I know, and you'd think three weeks before Christmas would be their second busiest time of year. | [https://www.flickr.com/photos/darrellg]  I think those elves deserve a pay rise....",0.40625,positive
55006210191,UK - London - Near Camden - Walking along Regent's Canal,"December 2025.
Capital Walkers walk from Camden to Canary Wharf.",uk england london capitalwalkers ramblers camden regentscanal walking,51.54022,-0.135829,2025-12-26 10:09:36,JulesFoto,,0.0,neutral
55006307615,UK - London - Lewis Cubitt Square - Santacon 2025_DSC0659,"<a href=""http://www.dgphotos.co.uk"" rel=""noreferrer nofollow"">My Website</a> : <a href=""https://www.twitter.com/dgphotos"" rel=""noreferrer nofollow"">Twitter</a> : <a href=""https://www.facebook.com/dsgphotos"" rel=""noreferrer nofollow"">Facebook</a> : <a href=""https://instagram.com/dgphotos.co.uk/"" rel=""noreferrer nofollow"">Instagram</a>  : <a href=""https://www.photocrowd.com/dgphotos/"" rel=""noreferrer nofollow"">Photocrowd</a>

Well, that's a wrap on Christmas 2025......

I was in London a few weeks ago and I happened upon several hundred slightly drunk but good natured Santa's (and Christmas trees) wandering around the Kings Cross area.  Turns out it's an annual event called Santacon and anyone can join in. Maybe see you there next year.....

Click here for more Christmas related photos : <a href=""https://www.flickr.com/photos/darrellg/albums/72157639060428214"">www.flickr.com/photos/darrellg/albums/72157639060428214</a>

From their <a href=""https://www.santacon.supermingo.com/"" rel=""noreferrer nofollow"">www.santacon.supermingo.com/</a> website, &quot;
Santacon is a non-profit, non-political, non-religious and non-sensical Christmas parade that traditionally takes place in London one Saturday every December. There's no particular reason to dress up in Santa suits, run around, give gifts, sing songs, have strangers sit on our laps and decide who is naughty or nice. But it's a lot of fun so Santa does it anyway!

What you need : A Santa Outfit (not just a hat!), Watch the Facebook page in order to find out when and where, Something Warm (and possibly waterproof), Carol Sheets (download here), Presents for the kids.&quot;

© D.Godliman",uklondonlewiscubittsquaresantacon2025dsc0659 santacon christmas xmas lewiscubittsquare lewiscubittpark kingscross london unitedkingdom greatbritain britain england gb uk love kiss kissing candid redhead cuddle hug santaclaus santa santas isawmommykissingsanta streetphotography streetphotographer fun,51.537714,-0.125785,2025-12-06 14:25:17,Darrell Godliman,"Another shot:
<a href=""https://www.flickr.com/photos/darrellg/55000669804/in/dateposted/"" title=""UK - London - Lewis Cubitt Square - Santacon 2025_DSC0620""><img src=""https://live.staticflickr.com/65535/55000669804_fb22e175c5_n.jpg"" width=""320"" height=""213"" alt=""UK - London - Lewis Cubitt Square - Santacon 2025_DSC0620"" /></a> | Lovely... | 🎵 I saw mommy kissing Santa Claus | <a href=""https://www.flickr.com/groups/yellow-red/""><img src=""https://live.staticflickr.com/65535/53999676014_ca041e1cae_s.jpg"" alt=""yellow | orange | red"" />
yellow | orange | red</a> | Thanks everyone.

[https://www.flickr.com/photos/21000745@N02] My thoughts, exactly.",0.15833333333333333,positive
54999516513,"Big Bus Company no DA209, Reg PF08USB , passing St. Pancras Station on a Big Bus open top Tour. 24.03.2024",,,51.53063,-0.124609,2024-03-24 12:36:59,Darren Gallop,,0.0,neutral
54997503289,IMG_20251221_135525139,,,51.567036,-0.1421,2025-12-21 13:55:25,Scott1984FP,,0.0,neutral
54997208470,"John Mitchell & Friends live at Dingwalls, London 18th December 2025","John Mitchell and Friends at Dingwall's last night was a great little gig in spite of the band only having rehearsed for 20 minutes on Wednesday apparently! A good selection from It Bites, Lonely Robot and Frost material keeping everyone happy and a star back line of Oskar Holdorff (Big Big Train), Craig Blundell (Frost, Steve Hackett, Steven Wilson) and in-demand session bassist Jez Fielder to help out with vocal support on a few numbers from Leddra Chapman, whose trio also opened the proceedings.",johnmitchell lonelyrobot itbites frost kino music band gig concert,51.541691,-0.142221,2025-12-21 09:14:57,kitmasterbloke,,0.0,neutral
54996024762,"John Mitchell & Friends live at Dingwalls, London 18th December 2025","John Mitchell and Friends at Dingwall's last night was a great little gig in spite of the band only having rehearsed for 20 minutes on Wednesday apparently! A good selection from It Bites, Lonely Robot and Frost material keeping everyone happy and a star back line of Oskar Holdorff (Big Big Train), Craig Blundell (Frost, Steve Hackett, Steven Wilson) and in-demand session bassist Jez Fielder to help out with vocal support on a few numbers from Leddra Chapman, whose trio also opened the proceedings.",johnmitchell lonelyrobot itbites frost kino music band gig concert,51.541691,-0.142221,2025-12-21 09:14:44,kitmasterbloke,,0.0,neutral
54992276784,"Doodling OK, but please, No Bills (Regent's Park Road foot bridge)",,uk 2025 london mural mrdoodle bridge,51.543116,-0.154884,2025-09-03 00:00:00,real00,,0.0,neutral
54976511093,King's Cross Concourse,,davidswilson 2025 england winter iphone london,51.531808,-0.124198,2025-12-09 18:17:52,David S Wilson,,0.0,neutral
54972612109,Barnet-Labour-Fundraiser-066,,,51.570694,-0.147922,2025-12-07 21:43:37,viljow,,0.0,neutral
54972655220,Barnet-Labour-Fundraiser-075,,,51.570694,-0.147922,2025-12-07 22:23:40,viljow,,0.0,neutral
54972354816,Barnet-Labour-Fundraiser-008,,,51.570694,-0.147922,2025-12-07 20:24:48,viljow,,0.0,neutral
54972611639,Barnet-Labour-Fundraiser-006,,,51.570694,-0.147922,2025-12-07 20:24:01,viljow,,0.0,neutral
54965226608,Hadley Street at Castle Road improvements,,,51.545416,-0.145953,2025-12-05 11:38:59,Camden Cyclists,,0.0,neutral
54963806121,Going up,Travellers in the station. NB this pic will be added to the relevant Flickr Lounge thread tomorrow when I’m back @ my computer,flickr lounge weekly theme travelling,51.531077,-0.126381,2025-12-04 16:07:18,RobertsNL,"A great shot and the perfect viewpoint, Sue! | Kings Cross and St. Pancras next door always seem very busy and to have retained some of the grandeur of the past. | It is amazing just how large a train station can be!  Lots to see here.",0.3184821428571429,positive
54961791948,British Library and St Pancras Station,,london british library st pancras international hotel station victorian gothic brick spire euston road,51.529338,-0.126568,2020-01-17 13:18:12,stephengg,,0.0,neutral
54961782373,Toyah IMG_1268E20251203,Toyah at The Round House supporting Adam Ant. 2nd Nov.2025.,music roundhouse camden london toyah,51.543391,-0.15177,2025-11-02 20:04:18,ZX9 - Keith H,"I appreciate if you accept my invitation(s)
and also join this group!
      (if you want to see/follow my photostream, 
click: <a href=""#//www.flickr.com/photos/cmjdumoulin-photo/%e2%80%9c"" rel=""noreferrer nofollow"">www.flickr.com/photos/cmjdumoulin-photo/</a>)",0.0,neutral
54956987056,IMG_20200229_063856,,,51.528247,-0.134667,2020-02-29 06:38:56,thetransporthuboffical,,0.0,neutral
54955560514,92018 3M16 London Euston 12.11.2025,,,51.530688,-0.13767,2025-11-12 08:42:13,Cowboy on Rail,,0.0,neutral
54953634059,The creative Fashion week London 2025,"London fashion WEEK 
designer : Trimingham",the creative fashion week london 2025 designer trimingham womens women girls girl model french britain british uk unitedkingdom fashionista londra londres seifracing seif photography photographe photographer photos models clothing poses posing,51.543875,-0.152931,2025-06-15 17:52:36,seifracing,,0.0,neutral
54951534783,The creative Fashion week London 2025,"London fashion WEEK 
designer : Tru_id_UK ",the creative fashion week london 2025 seifracing spotting seif services britain british uk unitedkingdom photography photographe photographer nikon show londra londres series duo,51.543875,-0.152931,2025-06-15 17:09:08,seifracing,,0.0,neutral
54951294421,The creative Fashion week London 2025,"London fashion WEEK 
designer : Tru_id_UK ",london fashion week the creative 2025 seifracing spotting seif services britain british uk urgence unitedkingdom photography photographe photographer nikon seifcontentophotographer show londra londres,51.543875,-0.152931,2025-06-15 17:04:15,seifracing,,0.0,neutral
54951535129,The creative Fashion week London 2025,"London fashion WEEK 
designer : Tru_id_UK ",the creative fashion week london 2025 seifracing spotting seif europe event uk unitedkingdom londra londonengland2025 shows show clothing clothes models model life photography photographe photographer photos britain british nikon,51.543875,-0.152931,2025-06-15 17:03:45,seifracing,,0.0,neutral
54940683339,IMG_2535.jpg,,escalator london england unitedkingdom londonunderground jubileeline thetube tfl stjohnswoodstation,51.534761,-0.174214,2025-11-22 11:48:56,kp-snaps,,0.0,neutral
54933072195,Highgate Cemetry November 2025, 20251117_12-10-19_DSCF2593046,,51.567127,-0.147723,2025-11-17 12:10:19,kushantha1,,0.0,neutral
54932386101,Camden Town,One of the name friezes at Camden Town on the Northern Line platform.,london underground station northern line tube,51.540088,-0.144467,2025-11-16 18:49:17,stavioni,,0.0,neutral
54932126478,Arebyte,,,51.540669,-0.13987,2025-11-12 16:43:27,10068427,,0.0,neutral
54931049622,Arebyte,,,51.540627,-0.13987,2025-11-12 16:43:23,10068427,,0.0,neutral
54931049457,Arebyte,,,51.540733,-0.139884,2025-11-12 16:43:30,10068427,,0.0,neutral
54968334692,"""Post Uni Greens""","Photography, 2025",,51.562938,-0.168373,2025-07-13 13:55:04,keirasermon,,0.0,neutral
54969362664,,,,51.529111,-0.173848,2025-11-26 20:08:11,Ian L Harris,,0.0,neutral
54969383275,Hotel,I thought it might be interesting to take a shot of the Premier Inn Cafe/Bar from directly behind the salt and pepper grinders.  In the shot taken in portrait mode the shape of grinders bodies seem to become a subject in themselves and the bright lighting produced quite strong reflections and shadows. The black and white version was chosen as I thought it more strongly emphasised the shapes of the foreground subjects.,,51.551747,-0.167023,2025-12-01 14:43:34,tom.curley,,0.0,neutral
54966826661,The creative Fashion week London 2025,"London fashion WEEK 
",london fashion week the creative 2025 seifcontentophotographer seifracing seif uk unitedkingdom fashionista londra londres girls girl women womens workshop photographe photography photographer photoshoot,51.543875,-0.152931,2025-06-15 18:44:46,seifracing,,0.0,neutral
54961301479,2960 Metroline WSE2960 LV74CFZ Golders Green 2 October 2025,          ,,51.571641,-0.195234,2025-10-02 11:10:08,DMC1947,,0.0,neutral
54955934940,First BE37087 LG72ECW Golders Green 2 October 2025,          ,,51.571761,-0.195164,2025-10-02 11:11:02,DMC1947,,0.0,neutral
54953265236,The creative Fashion week London 2025,"London fashion WEEK 
designer : Trimingham",seifracing seif seifcontentophotographer fashion londra londres services europe event britain british uk unitedkingdom clothing catwalk fashionista brands people peoples models model female male the creative week london 2025 designer trimingham runway,51.543875,-0.152931,2025-06-15 17:46:37,seifracing,,0.0,neutral
54952457173,The creative Fashion week London 2025,"London fashion WEEK 
designer : AXUM Clothing ",the creative fashion week london 2025 model models seifracing seif britain british uk unitedkingdom photography photographe photographer services photos nikon national life human catwalk londra londres clothing clothes designer axum,51.543875,-0.152931,2025-06-15 17:14:19,seifracing,,0.0,neutral
54950536457,3101 LV24VOG Transport UK,"Seen in Central London on St Pancras way Transport UK Wright streetdeck elctroliner 3101 LV24VOG on service 63 to Honor oak.
Taken 28/11/25",3101 lv24vog wright streetdeck elctroliner transportuk london,51.530529,-0.125194,2025-11-28 12:25:11,buspeterborough1,,0.0,neutral
54951535129,The creative Fashion week London 2025,"London fashion WEEK 
designer : Tru_id_UK ",the creative fashion week london 2025 seifracing spotting seif europe event uk unitedkingdom londra londonengland2025 shows show clothing clothes models model life photography photographe photographer photos britain british nikon,51.543875,-0.152931,2025-06-15 17:03:45,seifracing,,0.0,neutral
54951329333,2891 Metroline VMSL2891 LJ24ZLX Kilburn Park 3 October 2025,          ,,51.534808,-0.193734,2025-10-03 14:30:28,DMC1947,,0.0,neutral
54940739665,IMG_2537.jpg,,escalator london england unitedkingdom londonunderground jubileeline thetube tfl stjohnswoodstation,51.534744,-0.174214,2025-11-22 11:49:31,kp-snaps,,0.0,neutral
54939608864,Stagecoach 45007 YJ23EHY Archway 2 October 2025,          ,,51.566041,-0.135714,2025-10-02 09:08:16,DMC1947,,0.0,neutral
54938272033,East London Bus & Coach Company Ltd - 12331 - SL14LNX; London; 07-11-2025,"Seen operating on Transport for London service 205 between Bow Church and Baker Street (Station).

Chassis:   Alexander Dennis E40H - SFD1GZBRDEGXB7870
Body:   Alexander Dennis Enviro400 - D453/8
Seating:   H37/24D
First registered:   July 2014
",london bus transportforlondon stagecoach stagecoachlondon adlenviro400hybrid alexanderdennisenviro400hybrid,51.530944,-0.120953,2025-11-07 16:47:36,graeme8665,,0.0,neutral
54937664019,Lambrini Girls,"The Forum, Kentish Town",kentishtown lambrinigirls london londonnw5 mishaphillips nw5 phoebelunny selinmacieiraboşgelmez theforum gig livemusic punk uk,51.552172,-0.142212,2025-11-19 23:21:58,cybertect,,0.0,neutral
54933772750,RT1790,"RT1790 on route 134 parked up in Bayham Street,  Camden Town 16/11/25",,51.539227,-0.141523,2025-11-16 13:27:10,mike@61,,0.0,neutral
54932949221,Roundhouse queueing.....,"Sunday evening, just over 2 hours until doors open, and the queue for James Marriott at The Roundhouse stretches all the way down Chalk Farm Road past Camden Market. My Daughter (who's in one of the photos!) was close to the front and said it was well worth the wait! 
Screen grab from a video!",roundhouse chalk farm camden queue london james marriott concert,51.542505,-0.147317,2025-11-18 23:12:56,stavioni,,0.0,neutral
54932224251,Highgate Cemetry November 2025, 20251117_11-35-12_DSCF2568021,,51.566216,-0.143723,2025-11-17 11:35:12,kushantha1,,0.0,neutral
54932169354,Arebyte,,,51.540613,-0.139812,2025-11-12 16:43:23,10068427,,0.0,neutral
54931049457,Arebyte,,,51.540733,-0.139884,2025-11-12 16:43:30,10068427,,0.0,neutral
54932125523,Arebyte,,,51.540661,-0.139859,2025-11-12 16:43:25,10068427,,0.0,neutral
54927757848,IMG_8183 Haverstock Hill at Belsize Avenue Belsize Park London NW3,Haverstock Hill at Belsize Avenue Belsize Park London NW3,haverstock hill belsize avenue park london nw3,51.551413,-0.166384,2025-11-14 16:22:42,photographer695,,0.0,neutral
54925988941,IMG_9130,,london england unitedkingdom,51.530177,-0.13347,2024-11-23 14:33:30,GuildofSaintStephen,,0.0,neutral
54926294495,IMG_9127,,london england unitedkingdom,51.530177,-0.13347,2024-11-23 14:33:26,GuildofSaintStephen,,0.0,neutral
54926182523,IMG_2386,,london england unitedkingdom,51.530186,-0.133342,2025-11-15 12:07:01,GuildofSaintStephen,,0.0,neutral
54917829444,60139 LNER Class A1 4-6-2 Sea Eagle 2.40pm Kings Cross-Leeds 30th June 1962,"Three more from the R.F.Smith of Braintree collection, all Eastern Region classics.",rfsmith steam train railway locomotive heritage legacy nostalgia scan print monochrome britishrailways 1960s,51.534279,-0.123094,2025-11-11 20:52:11,kitmasterbloke,,0.0,neutral
54912442588,Camden Market,,,51.5415,-0.146467,2025-10-30 14:29:31,mirka s.,,0.0,neutral
54907748094,20251106_200235,,,51.52893,-0.132837,2025-11-06 20:02:35,istringfellow228,,0.0,neutral
54904370916,"Autumn at St Pancras Lock, London, UK","Autumn at St Pancras Lock, London, UK
--------------------------------------------------------------------------------
For anyone unfamiliar with how a canal lock works: the man in the middle is using a windlass to open the ground paddles of the lock, releasing water. As the water level drops, the longboat behind him will descend to a lower level.",autumn stpancraslock uk london street regentscanal,51.535877,-0.127237,2025-10-25 14:50:37,johnlsl,"Beautiful photo! 🌟 | [https://www.flickr.com/photos/francesco_dini] Thanks | <b><i> Wonderful shot, please add your photo to:
Boats &amp; Other Water Craft</i>
Enjoy in the Group
<a href=""https://www.flickr.com/groups/14749557@N21/"">www.flickr.com/groups/14749557@N21/</a>
<a href=""https://www.flickr.com/groups/14749557@N21/pool/"" title=""Boats &amp;amp; Other Water Craft""><img src=""https://live.staticflickr.com/65535/52342084129_d99b710e24_n.jpg"" width=""320"" height=""240"" alt=""Boats &amp;amp; Other Water Craft"" /></a>
<b>PLEASE AWARD 2 PHOTOS (OPTIONAL).</b></b> | Boa fotografia.",0.3178571428571429,positive
54904191918,"London, England | Viltrox 50mm F2.0 Air","<a href=""https://www.instagram.com/anthonylin/?hl=zh-tw"" rel=""noreferrer nofollow"">instagram</a> | <a href=""https://www.flickr.com/photos/antonylin/collections/72157630714363580/"">flickr</a>

Sony a7 III/a7m3
Samyang AF 135mm f/1.8 FE
Sony FE 35mm F1.8/SEL35F18F
Tamron 28-75mm 2.8 Di III RXD (A036)
Tamron 70-300mm F/4.5-6.3 DiIII RXD (A047)
Tamron 50-300mm F/4.5-6.3 Di III VC VXD (A069)
Viltrox 50mm F2.0 Air FE",倫敦 英格蘭 英國,51.535486,-0.123442,2025-05-08 14:00:45,段流,,0.0,neutral
54904214424,"London, England | Viltrox 50mm F2.0 Air","<a href=""https://www.instagram.com/anthonylin/?hl=zh-tw"" rel=""noreferrer nofollow"">instagram</a> | <a href=""https://www.flickr.com/photos/antonylin/collections/72157630714363580/"">flickr</a>

Sony a7 III/a7m3
Samyang AF 135mm f/1.8 FE
Sony FE 35mm F1.8/SEL35F18F
Tamron 28-75mm 2.8 Di III RXD (A036)
Tamron 70-300mm F/4.5-6.3 DiIII RXD (A047)
Tamron 50-300mm F/4.5-6.3 Di III VC VXD (A069)
Viltrox 50mm F2.0 Air FE",倫敦 英格蘭 英國,51.535494,-0.123409,2025-05-08 14:01:07,段流,,0.0,neutral
54899140765,"Also Eden - The Dome Upstairs, London 2nd November 2025","Welsh Progsters Also Eden - led by Winter's End guru Huw Lloyd Jones - put in a really good performance opening for their German friends RPWL at the Dome in Tufnell Park. Together with Stephen Lambe (who was on the Merch desk), Huw had managed RPWL's London visit and arranged to share some of Also Eden's gear with them to reduce the post-Brexit complexities of international touring. This was the third time I'd seen Also Eden and their best performance yet.",elsoeden band music progrock concert gig tour thedome,51.557742,-0.138959,2025-11-03 14:17:08,kitmasterbloke,,0.0,neutral
54897803564,20250801_152033101_iOS,"London, England",outdoor streetscene streetscape city cityscape outdoors streetphotography urban iphone add 20250801 capital london england uk unitedkingdom europe britain greatbritain tag191,51.540769,-0.147167,2025-08-01 16:20:33,teamperks,,0.0,neutral
54897788833,20250801_153548702_iOS,"London, England",outdoor streetscene streetscape city cityscape outdoors streetphotography urban iphone add 20250801 capital london england uk unitedkingdom europe britain greatbritain tag150,51.540233,-0.143195,2025-08-01 16:35:48,teamperks,,0.0,neutral
54897557581,20250801_154126768_iOS,"London, England",outdoor streetscene streetscape city cityscape outdoors streetphotography urban iphone add 20250801 capital london england uk unitedkingdom europe britain greatbritain tag161,51.539447,-0.142231,2025-08-01 16:41:26,teamperks,,0.0,neutral
54897800509,20250801_154519117_iOS,"London, England",outdoor streetscene streetscape city cityscape outdoors streetphotography urban iphone add 20250801 capital london england uk unitedkingdom europe britain greatbritain tag221,51.540549,-0.139975,2025-08-01 16:45:19,teamperks,,0.0,neutral
54897556396,20250801_161951848_iOS,"London, England",outdoor streetscene streetscape city cityscape outdoors streetphotography urban iphone add 20250801 capital london england uk unitedkingdom europe britain greatbritain tag250,51.543391,-0.128156,2025-08-01 17:19:51,teamperks,,0.0,neutral
54897858560,20250801_163109567_iOS,"London, England",outdoor streetscene streetscape city cityscape outdoors streetphotography urban iphone add 20250801 capital london england uk unitedkingdom europe britain greatbritain tag231,51.5439,-0.1175,2025-08-01 17:31:09,teamperks,,0.0,neutral
54897799454,20250801_163609498_iOS,"London, England",outdoor streetscene streetscape city cityscape outdoors streetphotography urban iphone add 20250801 capital london england uk unitedkingdom europe britain greatbritain tag210,51.543483,-0.113475,2025-08-01 17:36:09,teamperks,,0.0,neutral
54897553941,20250801_143557399_iOS,"London, England",outdoor streetscene streetscape city cityscape outdoors streetphotography urban iphone add 20250801 capital london england uk unitedkingdom europe greatbritain britain tag209,51.540427,-0.143862,2025-08-01 15:35:57,teamperks,,0.0,neutral
54897784063,20250801_143825095_iOS,"London, England",outdoor streetscene streetscape city cityscape outdoors streetphotography urban iphone add 20250801 capital london england uk unitedkingdom europe greatbritain britain tag186,51.540638,-0.144048,2025-08-01 15:38:25,teamperks,,0.0,neutral
54897544401,20250801_141405739_iOS,"London, England",outdoor streetscene streetscape city cityscape outdoors streetphotography urban iphone add 20250801 capital london england uk unitedkingdom europe britain greatbritain tag142,51.534761,-0.138917,2025-08-01 15:14:05,teamperks,,0.0,neutral
54895972226,Arriva London DW468 LJ61CCZ Archway 2 October 2025,          ,,51.565769,-0.134498,2025-10-02 09:27:53,DMC1947,,0.0,neutral
54894420232,,,,51.543377,-0.151723,2025-10-31 21:38:44,The Clerkenwell Snapper,,0.0,neutral
54893230097,DSC_7143 Hampstead Heath South End Road NW3 London,Hampstead Heath South End Road NW3 London,hampstead heath nw3 london south end road,51.555533,-0.166277,2025-10-27 16:07:45,photographer695,,0.0,neutral
54891041335,Rover 3.5 Litre,1969 Rover 3.5 Litre - OFR 900G. 30/10/25,,51.542697,-0.137457,2025-10-30 12:43:23,mike@61,,0.0,neutral
54887504414,St Pancras Roof,,london england uk unitedkingdom trains railways tube transportforlondon station pentax k3ii 1650,51.530252,-0.125128,2025-10-20 20:30:58,Stephen Gardiner,,0.0,neutral
54884153171,IMG20251027122033,Jaune Quick-To-See Smith: King Of The Mountain,uk london regentspark englishgarden frieze sculpture sculpturetrail jaunequicktoseesmith kingofthemountain,51.528225,-0.145631,2025-10-27 12:20:33,simon_white,,0.0,neutral
54882226752,"Premier Food Hall, Archway, N19","The letters have been falling off this grocers and off licence for months, and it's created quite a pleasing effect.

<b>Address:</b> 774-776 Holloway Road.",london england n19 archway londonboroughofislington upperholloway hollowayroad premierfoodhall shops grocers offlicences,51.564826,-0.132211,2025-10-26 17:31:10,Ewan-M,,0.0,neutral
54886836686,GWL Garden gate,"Photo originally posted to the Guess Where London Group
<a href=""https://www.flickr.com/groups/guesswherelondon/"">www.flickr.com/groups/guesswherelondon/</a>
",architecture london gate brick guess gwl where,51.551318,-0.138112,2025-10-26 11:26:11,Funny Cyclist,"Hither Green Lewisham? | [https://www.flickr.com/photos/balage66] No not in Hither Green | Are we jn LB Barnet then? | [https://www.flickr.com/photos/myupload1] No not LB Barnet either but that is warmer than Lewisham | Apologies all this picture was taken in 2008 and just checking the location I find that not only have I posted here before but it is actually no longer there and has been replaced with a steel gate with an image of this circular brickwork. Well that should give a clue as to where it was. | At least you've saved me trawling though the Open House website :-) | What the same location looks like today. No one has guessed it yet
<a href=""https://www.flickr.com/photos/funny_cyclist/54892181424/in/dateposted/"" title=""GWL London""><img src=""https://live.staticflickr.com/65535/54892181424_293a73cb87_o.png"" width=""393"" height=""209"" alt=""GWL London"" /></a> | I'm sure I've seen this pic before, but not in GWL's archives... | Well, I have tracked it down: a house designed and built for himself by the B of ABK, the architects of the original monstrous carbuncle.  The whole thing was designed around preserving the london plane tree: unfortunately the tree grew and was knocking the wall over, along with causing the gate to stick.

The Burton House, 1B Lady Margaret Road NW5 | [https://www.flickr.com/photos/simon_p_white] Yes you have is thanks for the History",0.02996031746031747,neutral
54895817648,EastLondon-19757-LX11BDO-StPancras-271224,"East London 19757 (LX11 BDO)

ADL Enviro 400

City Sightseeing green route
 
St Pancras station (Midland Road)
 
27th December 2024
",lx11bdo enviro400 citysightseeing stpancras eastlondonbus,51.53077,-0.126887,2024-12-27 00:00:00,Michael Wadman,,0.0,neutral
54895605669,,,,51.543513,-0.15175,2025-10-31 22:27:37,The Clerkenwell Snapper,,0.0,neutral
54894438672,,,,51.543513,-0.15175,2025-10-31 21:55:51,The Clerkenwell Snapper,,0.0,neutral
54888789446,UK - London - Regent's Park - Frieze sculpture - Underneath Fibredog sculpture,"October 2025.
Central London Outdoor Group (CLOG) walk from St James's Park to Regent's Park.",uk england london clog centrallondonoutdoorgroup regentspark friezelondon sculpture englishgarden dog,51.530479,-0.153765,2025-10-29 14:03:15,JulesFoto,,0.0,neutral
54887770502,UK - London - Regent's Park - Autumn colour,"October 2025.
Central London Outdoor Group (CLOG) walk from St James's Park to Regent's Park.",uk england london clog centrallondonoutdoorgroup regentspark autumncolour englishgarden trees,51.530479,-0.153765,2025-10-29 13:50:02,JulesFoto,,0.0,neutral
54887963728,"390044, London Euston",On 1H13 1013 Euston to Piccadilly. ,october autumn 2025 rail railway train london,51.528691,-0.134464,2025-10-29 09:59:21,looper23,,0.0,neutral
54887264976,Euston Concourse,,london england uk unitedkingdom trains railways tube transportforlondon station pentax k3ii 1650,51.528275,-0.133114,2025-10-20 20:15:25,Stephen Gardiner,,0.0,neutral
54880845788,The Tubs,"Gob Nation all-dayer, The Dome, Tufnell Park",devonmurphy gobnation london londonnw5 nw5 thedome thetubs tufnellpark gig livemusic music uk,51.557383,-0.138506,2025-10-25 22:41:59,cybertect,Nice photo 👍📷 | Great capture! | Great gig shot. Nice how the angle of the guitar mirrors the angle of the spotlights.,0.7500000000000001,positive
54877221667,Camden’s ‘High Line’ project,"

<a href=""https://www.camdenhighline.com/"" rel=""noreferrer nofollow"">www.camdenhighline.com/</a>",,51.542008,-0.13812,2025-05-03 10:03:26,river road travels,,0.0,neutral
54876688209,,,,51.530869,-0.129028,2025-10-22 16:34:37,eviemorrisjulien,,0.0,neutral
54862929625,IMG_0988,,,51.530219,-0.171856,2024-08-18 20:18:25,danielcooper850,,0.0,neutral
54861626162,IMG_0356,,,51.530163,-0.173087,2023-08-27 21:07:55,danielcooper850,,0.0,neutral
54847902746,IMG_20251008_123338__01,,,51.544055,-0.153114,2025-10-08 12:33:39,istvan_szucs,,0.0,neutral
54845985926,Kings Cross Station,,london england unitedkingdom leica kingscross q2,51.530025,-0.124353,2025-09-25 21:03:45,falconermark92,,0.0,neutral
54840701344,20251004_181254,,,51.541947,-0.146928,2025-10-04 18:12:54,mc5278,,0.0,neutral
54837070112,english gothic,,sonya7c sony24105gseries london,51.529713,-0.126098,2025-09-15 13:57:54,bloodnok,,0.0,neutral
54827334760,London canal walk September 2025 (23),,,51.541486,-0.1419,2025-09-12 11:48:55,jez.hull,,0.0,neutral
54826156464,PXL_20251001_134838254.jpg,,,51.52861,-0.127083,2025-10-01 14:48:38,baddogdown,,0.0,neutral
54816391547,Classic Car 1,King's Cross Classic Car Boot Sale,streetphotography london,51.535227,-0.126001,2025-09-26 22:59:56,Fuji G,,0.0,neutral
54809628221,3562 QUEENS PARK 220925,,,51.534083,-0.205521,2025-09-22 10:25:22,David Beardmore,,0.0,neutral
54809969360,3550 QUEENS PARK 220925,,,51.534083,-0.205521,2025-09-22 10:24:57,David Beardmore,,0.0,neutral
54809881663,3436 QUEENS PARK 220925,,,51.534083,-0.205521,2025-09-22 10:13:30,David Beardmore,,0.0,neutral
54809877824,21049 FINCHLEY ROAD 220925,,,51.547309,-0.180737,2025-09-22 09:08:44,David Beardmore,,0.0,neutral
54806711314,London 2025,,london iconic city capital mood street eos7 24mm pancakelens canon leonreillyphotography donotcopy bwcity blackwhite atmosphere dramatic streetscene streetphotography urban trafalgarsquare england uk mono bw thames stpauls naturallight nhm museum chinatown waterloo 2025 english efs24mmf28stm 24mmpancake cityscape,51.529785,-0.12484,2025-05-27 20:17:39,broadswordcallingdannyboy,,0.0,neutral
54802979070,"London Canal, London NW1.","Regents Canal at Camden, London NW1.

All photographic images are the exclusive property of Paddy Ballard. The photographs are for web browser viewing only and may not be reproduced, copied, stored, downloaded or altered in any way without prior permission.",uk london londonnw1 nw1 regentscanal camden canal inlandwaterway,51.540492,-0.147365,2025-03-11 12:07:10,Piktaker,Always amused by the canal`s when on holiday ....,0.0,neutral
54791709645,IMG_2970,,nigel,51.565658,-0.143134,2025-08-08 16:01:18,wwc2.2025,,0.0,neutral
54790145989,20250913_152809,,,51.541908,-0.14672,2025-09-13 15:28:10,mc5278,,0.0,neutral
54778899240,New Housing in Old Gasometer Skeletons,,cellphonecamera handycam cellphoneedit handyedit snapseed london uk hdr,51.536425,-0.127909,2024-06-08 15:38:42,noluck,,0.0,neutral
54776298939,,,,51.529055,-0.17425,2025-09-09 11:38:15,Ian L Harris,,0.0,neutral
54775945125,Sophie B Hawkins,"Jazz Cafe,
Camden Town,
 June 16th 2025",16thjune 16june2025 june16th june2025,51.538863,-0.143087,2025-06-16 21:44:57,Coke-Bottle,,0.0,neutral
54773783857,,"            a wander from Stroud Green to Kings Cross taking in Crouch End Hill, Hornsey Lane, Whitehall Park, Archway Rd, Upper Holloway Rd, Tufnell Park Rd, Hilldrop Crescent,  Market Estate, Pentonville Prison, and Caledonian Rd.....17,000 steps or thereabouts - got the train home.                 ",aaaa,51.539344,-0.116967,2025-09-08 18:23:14,vagrantpunk,,0.0,neutral
54774971620,,"            a wander from Stroud Green to Kings Cross taking in Crouch End Hill, Hornsey Lane, Whitehall Park, Archway Rd, Upper Holloway Rd, Tufnell Park Rd, Hilldrop Crescent,  Market Estate, Pentonville Prison, and Caledonian Rd.....17,000 steps or thereabouts - got the train home.                 ",aaaa,51.540779,-0.116356,2025-09-08 18:16:27,vagrantpunk,,0.0,neutral
54774866083,,"            a wander from Stroud Green to Kings Cross taking in Crouch End Hill, Hornsey Lane, Whitehall Park, Archway Rd, Upper Holloway Rd, Tufnell Park Rd, Hilldrop Crescent,  Market Estate, Pentonville Prison, and Caledonian Rd.....17,000 steps or thereabouts - got the train home.                 ",aaaa,51.546144,-0.117869,2025-09-08 18:06:27,vagrantpunk,,0.0,neutral
54773770962,,"            a wander from Stroud Green to Kings Cross taking in Crouch End Hill, Hornsey Lane, Whitehall Park, Archway Rd, Upper Holloway Rd, Tufnell Park Rd, Hilldrop Crescent,  Market Estate, Pentonville Prison, and Caledonian Rd.....17,000 steps or thereabouts - got the train home.                 ",aaaa,51.569303,-0.135872,2025-09-08 16:53:00,vagrantpunk,,0.0,neutral
54771102229,Blind Guardian - Hansi Kürsch,"2024.04.14
O2 Forum Kentish Town
London, UK

<a href=""https://en.wikipedia.org/wiki/Blind_Guardian"" rel=""noreferrer nofollow"">en.wikipedia.org/wiki/Blind_Guardian</a>

Please visit and like my Facebook page: <a href=""https://www.facebook.com/hgaborfoto"" rel=""noreferrer nofollow"">www.facebook.com/hgaborfoto</a>
",thecrow2 panasonic dmctz70 concert koncert music zene metal blindguardian o2forumkentishtown london england anglia uk 2024,51.552132,-0.142081,2024-04-14 21:29:41,The Crow2,,0.0,neutral
54771102009,Blind Guardian - Hansi Kürsch,"2024.04.14
O2 Forum Kentish Town
London, UK

<a href=""https://en.wikipedia.org/wiki/Blind_Guardian"" rel=""noreferrer nofollow"">en.wikipedia.org/wiki/Blind_Guardian</a>

Please visit and like my Facebook page: <a href=""https://www.facebook.com/hgaborfoto"" rel=""noreferrer nofollow"">www.facebook.com/hgaborfoto</a>
",thecrow2 panasonic dmctz70 concert koncert music zene metal blindguardian o2forumkentishtown london england anglia uk 2024,51.552132,-0.142081,2024-04-14 21:33:43,The Crow2,,0.0,neutral
54771101479,Blind Guardian - Hansi Kürsch,"2024.04.14
O2 Forum Kentish Town
London, UK

<a href=""https://en.wikipedia.org/wiki/Blind_Guardian"" rel=""noreferrer nofollow"">en.wikipedia.org/wiki/Blind_Guardian</a>

Please visit and like my Facebook page: <a href=""https://www.facebook.com/hgaborfoto"" rel=""noreferrer nofollow"">www.facebook.com/hgaborfoto</a>
",thecrow2 panasonic dmctz70 concert koncert music zene metal blindguardian o2forumkentishtown london england anglia uk 2024,51.552132,-0.142081,2024-04-14 21:47:28,The Crow2,,0.0,neutral
54771109643,Blind Guardian - Frederik Ehmke,"2024.04.14
O2 Forum Kentish Town
London, UK

<a href=""https://en.wikipedia.org/wiki/Blind_Guardian"" rel=""noreferrer nofollow"">en.wikipedia.org/wiki/Blind_Guardian</a>

Please visit and like my Facebook page: <a href=""https://www.facebook.com/hgaborfoto"" rel=""noreferrer nofollow"">www.facebook.com/hgaborfoto</a>
",thecrow2 panasonic dmctz70 concert koncert music zene metal blindguardian o2forumkentishtown london england anglia uk 2024,51.552132,-0.142081,2024-04-14 21:53:14,The Crow2,,0.0,neutral
54771100819,Blind Guardian,"2024.04.14
O2 Forum Kentish Town
London, UK

<a href=""https://en.wikipedia.org/wiki/Blind_Guardian"" rel=""noreferrer nofollow"">en.wikipedia.org/wiki/Blind_Guardian</a>

Please visit and like my Facebook page: <a href=""https://www.facebook.com/hgaborfoto"" rel=""noreferrer nofollow"">www.facebook.com/hgaborfoto</a>
",thecrow2 panasonic dmctz70 concert koncert music zene metal blindguardian o2forumkentishtown london england anglia uk 2024,51.552132,-0.142081,2024-04-14 22:01:11,The Crow2,,0.0,neutral
54770866701,Blind Guardian - Hansi Kürsch,"2024.04.14
O2 Forum Kentish Town
London, UK

<a href=""https://en.wikipedia.org/wiki/Blind_Guardian"" rel=""noreferrer nofollow"">en.wikipedia.org/wiki/Blind_Guardian</a>

Please visit and like my Facebook page: <a href=""https://www.facebook.com/hgaborfoto"" rel=""noreferrer nofollow"">www.facebook.com/hgaborfoto</a>
",thecrow2 panasonic dmctz70 concert koncert music zene metal blindguardian o2forumkentishtown london england anglia uk 2024,51.552132,-0.142081,2024-04-14 23:08:32,The Crow2,,0.0,neutral
54769740941,"Cross, Pentonville, N1","It's hard to spot the name, as it's just on a hanging sign, but this is a modern pub near Kings Cross. (<a href=""https://www.flickr.com/photos/55935853@N00/54768899927/"">Close-up of pub sign</a>, and older photos of it as The Driver <a href=""https://www.flickr.com/photos/55935853@N00/8197041926/"">from 2012</a> and <a href=""https://www.flickr.com/photos/55935853@N00/3131897358/"">from 2008</a>, under scaffolding.)

<b>Address:</b> 2-4 Wharfdale Road (formerly Wharf Road).
<b>Former Name(s):</b> The Driver; The General Picton.
<b>Owner:</b> Watney Combe Reid (former).
<b>Links:</b>
<a href=""https://www.pubology.co.uk/pubs/2265.html"" rel=""noreferrer nofollow"">London Pubology</a>",thecross cross thedriver driver pentonville kingscross londonboroughofislington wharfdaleroad thegeneralpicton generalpicton haverfordterrace caledonianroad london england pubs n1 upperwinchesterstreet killickstreet watneyspub watneycombereidpub wharfroad addtolondonpubs,51.533616,-0.118757,2025-09-02 14:34:16,Ewan-M,,0.0,neutral
54767907192,,,,51.529586,-0.173992,2025-08-31 17:17:19,Ian L Harris,,0.0,neutral
54767907187,,,,51.529555,-0.174009,2025-08-31 13:44:06,Ian L Harris,,0.0,neutral
54765996058,"First London (Edgware) BE37087 in The Vale, Golders Green on Thursday 4 September 2025",,,51.56965,-0.200878,2025-09-04 21:31:52,Wanderer 30,,0.0,neutral
54763552558,"Tufnell Park Tavern, Tufnell Park, N7","An attractive pub near <a href=""https://www.flickr.com/photos/55935853@N00/3015738858/"">Tufnell Park station</a>. (Older photos of it <a href=""https://www.flickr.com/photos/55935853@N00/6014146374/"">from 2011</a>, and as Tufnell's <a href=""https://www.flickr.com/photos/55935853@N00/4224514611/"">from 2009 when closed</a> and <a href=""https://www.flickr.com/photos/55935853@N00/2471797166/"">from 2008 when open</a>.)

<b>Address:</b> 162 Tufnell Park Road.
<b>Former Name(s):</b> Tufnell's; Progress Bar; The Tufnell Park Tavern; The Tufnell Park Hotel; The Tufnell Arms.
<b>Owner:</b> Stonegate Pub Company/Stanley Pubs; Ei Group (former); Courage (former).
<b>Links:</b>
<a href=""https://www.pubology.co.uk/pubs/4540.html"" rel=""noreferrer nofollow"">London Pubology</a>",tufnells tufnellsbar progressbar theprogressbar progress thetufnellparktavern tufnellparktavern thetufnellparkhotel tufnellparkhotel thetufnellarms tufnellarms london england tufnellpark londonboroughofislington n7 tufnellparkroad campdaleroad formerbar pubs couragepub enterpriseinnspub stanleypubspub stonegatepub stonegatepubcopub stonegatepubcompany eigrouppub,51.557592,-0.132168,2025-09-02 16:13:23,Ewan-M,,0.0,neutral
54762078412,Ped crossing Midle junction,,,51.544225,-0.152839,2025-09-03 12:08:37,Camden Cyclists,,0.0,neutral
54754128513,Crossing Viewed from North,,,51.557791,-0.147475,2025-08-30 11:49:57,Camden Cyclists,,0.0,neutral
54744649067,"390040 and 92010, London Euston",Awaiting departure on 1H08 to Manchester Piccadilly. The 92 brought in the lowland sleeper.,august 2025 london railway pendolino euston,51.528044,-0.134398,2025-08-26 08:35:14,looper23,,0.0,neutral
54743291613,Camden High Street,"Photographed during a visit to see Camden Town in London, England, United Kingdom.",camdentown england london unitedkingdom bakery cafe croissants windowdisplay,51.540072,-0.143614,2024-12-04 13:59:52,Serendigity,,0.0,neutral
54742229062,Camden Market,"Photographed during a visit to see Camden Town in London, England, United Kingdom.",camdentown england london unitedkingdom reproductions shop signs vintage,51.541616,-0.146581,2024-12-04 15:06:14,Serendigity,,0.0,neutral
